"id","body","nsfw","subreddit","url","title",
"16okev1","","","blacktowhite","https://v3.redgifs.com/watch/frightenedlightsteelbluelongspur","Where this Canadian blonde model is from there aren't many black guys and she always wanted to fuck one even though she had a boyfriend, one creampie later and she hasn't gone back since (make sure sound is on so you can hear her)",
"u9wmkb","","","NSFW_GIF","https://redgifs.com/watch/mediumvioletredintentionalcricket","Losing The Control",
"1owhqfp","","","pinoycouplesgonewild","https://www.redgifs.com/watch/dizzyleanaustraliankelpie","Backshot of fucking my wife this morning.",
"1uizeyt","","","scissoringporn","https://redgifs.com/watch/carefulmilkyclownanemonefish","Grind it out",
"1u71zhk","","","AsianNSFW","https://www.redgifs.com/watch/antiquewhiteinferiorbighornedsheep","Manhandling two tiny Asian girls",
"1nfw7kd","","","OnOff","https://v3.redgifs.com/watch/754679513433300395","If the dress turned heads, imagine what happens when it comes off",
"1ubt2w0","","","FuckingLikeCrazy","https://www.redgifs.com/watch/tallnegativeskimmer/?7/","How the bestfriends need to hug",
"10as8v1","","","cuckhumiliation","https://i.redd.it/ujhiiaym7uba1.gif","Watch on helplessly as a stronger, more dominant man takes control of your petite gf 😍",
"1unyo93","","","AsianCuties","https://www.reddit.com/gallery/1unyo93","White bikini babe",
"1pde1bm","","","nsfw_gifs","https://www.redgifs.com/watch/usabletransparentwallaby","Orgies can get loud",
"1tb1gpq","","","Cuckold","https://www.redgifs.com/watch/easywoefultick","Wife gets bbcs as anniversary gift.",
"1nsuvn5","","","ignoredblowjobs","https://www.redgifs.com/watch/sphericaldamagedgoshawk","Couple ignoring their girlfriend",
"z034e2","","","interracialwild","https://redgifs.com/watch/elegantvividblackbear","Can't stop cumming",
"1ofr03r","","","suctiondildos","https://www.redgifs.com/watch/everybreakablegalah","My feet help me ride my dildo",
"1pn6u86","","","Cuckold","https://www.redgifs.com/watch/academicinstructiveachillestang","I love when hubby is in the room while other men fuck me",
"1puvu3f","","","bikinis","https://i.redd.it/la8c1iyki79g1.jpeg","Blue bikini",
"1uiqik8","","","PhGWCouples","https://www.redgifs.com/watch/blindstrictmalamute","Redditor hardfucked all night in the Airbnb",
"1odulq8","","","hentai","https://www.redgifs.com/watch/sameknowingpittabird","Suisei's mouth skills (Hechi) [Hololive]",
"p82aot","","","cumshots","https://redgifs.com/watch/esteemeddelightfulblackbird","I didn't let my bf cum for an entire week 😛",
"1ocaz0s","","","SgGoneWild","https://www.redgifs.com/watch/complexabsoluteafricangoldencat","Draining my fwb",
"1u46ayz","","","u_Wifelovesbbc4","https://redgifs.com/watch/thoroughunwieldypintail","Riding this black cock until he comes in my unprotected pussy!",
"1pvdbmt","","","AsianCuties","https://www.redgifs.com/watch/grotesquestrikingloris","Blue bikini",
"1ru2b9a","","","PhGWCouples","https://www.redgifs.com/watch/pungentpresentindianringneckparakeet","sundays are for rawdogging 🙂‍↕️",
"1tep7h2","","","PhGWCouples","https://www.redgifs.com/watch/aptprofusenorthernpike","Teen redditor got hit from the back",
"1u0188n","","","tipofmypenis","https://www.redgifs.com/watch/relievedplaintivecockatiel","Where is this from?",
"1qkbqz0","","","NSFW_Japan","https://www.reddit.com/gallery/1qkbqz0","kanna seto",
"y9w51e","","","cumsluts","https://redgifs.com/watch/alarmedamplealbatross","premium valet service (OC)",
"1qivb0f","","","Hotwife","https://www.redgifs.com/watch/demandingtremendouschihuahua","Progression of a hotwife in 2025",
"1qmnlr6","","","nsfw_gifs","https://www.redgifs.com/watch/spanishvioletredcowrie","I don’t care that he’s taken",
"15lbjrc","","","Doggystyle_NSFW","https://v3.redgifs.com/watch/cornflowerbluedeficientnatterjacktoad","My best friend filming me get doggy fucked",
"1omf4jn","","","quick_hentai","https://www.redgifs.com/watch/reasonablelightblueragfish","Yuki dominating Alya (totonito) [Roshidere]",
"1v72coh","","","GWCouples","https://www.reddit.com/gallery/1v72coh","My husband surprised me by sharing me at the hotel this weekend, and taking pics while I was getting fucked. 🥵",
"1neeswa","","","PhGWCouples","https://i.redd.it/lixpko4wkkof1.png","Nagpapamanyak para sa pera",
"1phjuw5","","","CumCoveredSluts","https://i.redd.it/4en7kua9v06g1.jpeg","love to share facials with my bestieee",
"1vxrbvm","","","AmateursDoingIt","https://www.redgifs.com/watch/steelblueculturedcoral","He Pulls Out...she Puts It In Her Ass",
"1ou101h","","","PhGWCouples","https://www.redgifs.com/watch/orangenaturalghostshrimp","SNEAKY BANG IN HER PARENTS ROOM",
"1pwgoha","","","SgSlutsClub","https://www.redgifs.com/watch/whimsicaldefenselesshadrosaurus","Almost broke the bed plus we got a noise complaint",
"h4bcuej","<div class="md"><p>Sauce: <a href="https://imgur.com/a/BUjpF4x">https://imgur.com/a/BUjpF4x</a></p>
</div>","","Animemes","https://i.redd.it/4psh7n1rkp971.jpgt1_h4bcuejt5_2w6fet3_ofamh7","Fine by me",
"1ov4o8h","","","SgGoneWild","https://www.redgifs.com/watch/primeunevenlcont","I love being my fwb’s slut",
"1oscfhs","","","SgGoneWild","https://i.redd.it/objbj93lg60g1.jpeg","sunday must party",
"1up36t7","","","StagVixenLife","https://redgifs.com/watch/poshvengefulnarwhal","I gave my husband a show with his best friend, and they both ended up inside me",
"1pbzcrw","","","PhGWCouples","https://www.redgifs.com/watch/thoseoldfashionedbison","[M][F]Music x Mirror x Moan",
"zc8pa2","","","HENTAI_GIF","https://redgifs.com/watch/kaleidoscopicoutrageouszebratailedlizard","Living the dream by dragonrrrr",
"1q00oj5","","","phgonewild","https://www.redgifs.com/watch/helplessdearazurewingedmagpie","Happy New Year [f]rom Kaye happy Swinging in 2026🎉🎉🎉🔥🔥",
"1qawmau","","","Hotwife","https://www.redgifs.com/watch/hugebestxanthareel","This was the very first cock that had ever been inside of me that wasn't my husbands. And I think it started his kink for watching me take it doggy",
"1pn4jh6","","","bodyshots","https://www.redgifs.com/watch/unrulyrarekronosaurus","Amateur college girl takes it all on her small tits",
"1pag4rx","","","HotwifeSwingers","https://i.redd.it/mu0658lzqd4g1.gif","I bent over for other men 6 months into my hubby and my relationship. Is that too early?",
"1oy4avd","","","NSFW_GIF","https://www.redgifs.com/watch/perkybeautifulblacknorwegianelkhound","Beauty Pronebone",
"1vxe5hu","","","AsianCuties","https://www.redgifs.com/watch/potableintentorangutan","Thong Bikini at Last Vegas",
"1r49rsj","","","SgGoneWild","https://i.redd.it/lrlir8mapdjg1.jpeg","Just a horny girl",
"1qwr88v","","","IndonesianGirlsOnly","https://www.reddit.com/gallery/1qwr88v","Theresiaacn / siwhite",
"1tz8jht","","","grool","https://www.redgifs.com/watch/lightdelectablejaguarundi","I want a man who will lick me clean",
"1rnzsvp","","","pinoycouplesgonewild","https://www.redgifs.com/watch/honeydewbrownjumpingbean","gym rats are my fav 😩",
"1qmmqas","","","AsianHotties","https://www.reddit.com/gallery/1qmmqas","Who is this?",
"1nq7b8q","","","GirlsFinishingTheJob","https://www.redgifs.com/watch/woefulimpracticalseal","Satisfying",
"1tywkv1","","","showingoffwifey","https://www.redgifs.com/watch/substantialgrizzledvervet","A little blast from the past! What a lucky husband to come home to a wife well taken care of.",
"1owuqpp","","","Cuckold","https://www.redgifs.com/watch/infantilewarmandeancat","Sometimes you need to be careful what you're wishing for cause there's no come-back 😈",
"1v0pzok","","","Cuckold","https://www.redgifs.com/watch/wideeyedwoodenmacropod","Husband record and watches her wife first BBC",
"1pjbasz","","","u_Mulberry212","https://www.redgifs.com/watch/fatherlyfrequentaustrianpinscher","Hey it me, Mulberry 😋 Lmao people still act shocked when they see I don’t do PPV, like babe, all my chaos, all the situations are already included with VIP. Yes, even this. What did you THINK you were coming up for? 😇",
"1qr561t","","","GarterBelts","https://v3.redgifs.com/ifr/805063691474775503","The ocean at night 🌊",
"1oate3i","","","PhGWCouples","https://www.redgifs.com/watch/instructivemajorquoll","Swerte if may nakakita",
"1pv9eg0","","","PhGWCouples","https://www.redgifs.com/watch/ourobedientosprey","Merry Christmas 🎄 from me and my fubu",
"1ne64ve","","","IndonesianGirlsOnly","https://i.redd.it/pv5sl33fsiof1.jpeg","Ayunda",
"1nujv7u","","","brazilgirlsgonewild","https://www.redgifs.com/watch/disfiguredmintywireworm","Depois de um tempo sumidos, voltamos.",
"1t9s728","","","Pune_fwb_","https://www.redgifs.com/watch/wanpositivetoucan","M25: Hooked up with an influencer",
"1pwvsz6","","","Facials","https://www.redgifs.com/watch/separateambitiousleopardseal/","Her first Facial as her husband recorded",
"1vpjq9k","","","AmateursDoingIt","https://www.redgifs.com/watch/avaricioustanattwatersprairiechicken","Too much fun at campus",
"1pdgxxr","","","HomemadePornTube","https://www.redgifs.com/watch/excitedvelvetyindochinahogdeer","My best friend filmed me having sex",
"1rui5p5","","","PhGWCouples","https://www.redgifs.com/watch/shamelessvitalshearwater","Fvck with a Redditor… damn she’s hot",
"bgkwtg","","","gonewild","https://i.redd.it/7basef8kk2u21.jpg","(F) Do It For Your Queen And Country 🇬🇧✊🏼",
"1putvk6","","","cumsluts","https://www.redgifs.com/watch/smartwarpedflycatcher","Tasty",
"1hjis1s","","","AsiansGoneWild","https://v3.redgifs.com/watch/earlymadeupsable","Can I convince you to breed my Asian pussy? ",
"1oc3mrl","","","PhGWCouples","https://redgifs.com/watch/snoopyeverlastingamethystsunbird","bf let me fuck his friend",
"lluxou","","","SwimmerPorn","https://i.redd.it/v255kboam1i61.jpg","Nice",
"1pxnqtb","","","PhGWCouples","https://www.redgifs.com/watch/impeccableinfamousbandicoot","Riding til creampie (Part 2 in profile)",
"1nyrtkq","","","phgonewild","https://www.redgifs.com/watch/desertedaptseagull","Happy boy(f)riend’s day! 🫶",
"jalgcd","","","nsfwcosplay","https://i.redd.it/l298urbr6xs51.jpg","PlayBoy D.va by me🐰",
"1om5bvp","","","phgonewild","https://www.redgifs.com/watch/multicoloredanguishedbuckeyebutterfly","[M][F]Pussy creams on anal",
"1t95me1","","","pinoycouplesgonewild","https://www.redgifs.com/watch/vacantdeeppinkamericancrow","fav position",
"1ps7umw","","","pornrelapsed","https://www.redgifs.com/watch/offensiveangelicratfish","Here to milk your soul",
"1p2bucw","","","asiansgonemild","https://i.redd.it/pkgn5bykmg2g1.jpeg","Japanese girly getting her tan on at the beach",
"1k7ct6a","","","nsfw_curated","https://www.redgifs.com/watch/alienatednervouspurplemarten","Someone is getting a promotion 😇",
"1rz5f6s","","","malaysiaporn","https://www.reddit.com/gallery/1rz5f6s","Rate this hijab slut",
"1pbbpd0","","","nsfw_gifs","https://www.redgifs.com/watch/highlevelcarefreeislandwhistler","Getting all the way to level 7 would result in a creamed-on cock",
"zbhrtw","","","BorednIgnored","https://redgifs.com/watch/colossaldoublehylaeosaurus","You can use me while I nap, just tuck me back in when you finish",
"1otzrlg","","","AsiansGoneWild","https://i.redd.it/ubrtf143zj0g1.jpeg","Gov can’t shut these down 🤪",
"1shspom","","","pinoycouplesgonewild","https://www.redgifs.com/watch/unconsciousgregariousdotterel","Doctor & FA combo",
"1t5150s","","","Blowjobs","https://www.redgifs.com/watch/modernunfoldedazurevasesponge","She's adorable",
"1re7bz5","","","PhGWCouples","https://www.redgifs.com/watch/mintybubblyflies","Morena and sexy as hell.",
"1nif0fb","","","PhGWCouples","https://www.redgifs.com/watch/goldgiddygalapagossealion","S[m]ooth a[f]",
"v7l6nl","","","Pornheat","https://redgifs.com/watch/flusteredmilkyichthyostega","Doggystyle",
"1qtul3g","","","Hotwife","https://www.redgifs.com/watch/urbanclumsygoat","A little compilation of some of the cocks I have rode since becoming a Hotwife",
"1t380ul","","","blacktowhite","https://www.redgifs.com/ifr/impressiveteallice/?2/","When hubby orders me a striper, and he takes full advantage!",
"1vllw1n","","","AsianCumsluts","https://www.redgifs.com/watch/closepepperyvulpesvelox","Creampie in paradise",
"1qmxkbr","","","AsianCumsluts","https://www.redgifs.com/watch/laststrictcapeghostfrog","Deep In It",
"1pzea47","","","IndonesianGirlsOnly","https://www.reddit.com/gallery/1pzea47","Shintakyu",
"yq289r","","","orgasmiccontractions","https://redgifs.com/watch/notedenragedenglishsetter","0:51 & better with sound :) this is my favorite way to get myself off!",
"1pgklc9","","","Cuckold","https://redgifs.com/watch/brownplayfuldassierat","Same position, different guys",
"1tp461n","","","malaysiaporn","https://www.redgifs.com/watch/hugemeangreyhounddog","Chinese training my malay slut",
"1qocq3x","","","AsianHotties","https://www.redgifs.com/watch/rubberyintelligentibis","asian babe loves bouncing on dick",
"1qrm8i7","","","naughtynusantara","https://www.redgifs.com/watch/fairbareafricanbushviper","Sogok terus biar ga mampet :)",
"1qbsygp","","","pinoycouplesgonewild","https://www.redgifs.com/watch/limiteddarkvioletyellowwhitebutterfly","Slightly older vid, but the cutest petite girl",
"1vi41ff","","","pinoycouplesgonewild","https://www.redgifs.com/watch/usefulswiftsunfish","Fucking my Student FUBU",
"1v8x5vc","","","blacktowhite","https://www.redgifs.com/watch/enlightenedhoarsepaintedladybutterfly/?92/","She cums as he bottoms out in her, this is how all white woman want to be fucked",
"1umuyy4","","","IndonesianGirlsOnly","https://www.reddit.com/gallery/1umuyy4","Aelsha",
"1ps8j91","","","cumsluts","https://v3.redgifs.com/watch/chillysteelblueagouti","Something's gotta blow",
"1o830f0","","","cumfetish","https://v3.redgifs.com/watch/766615118937737010","3 creampies from 3 different guys",
"1lj2n61","","","malaysiaporn","https://i.redd.it/okc2co0e6t8f1.gif","Malaysian milfs are the best fucks.",
"1uzhehv","","","nsfwhardcore","https://www.redgifs.com/watch/deliciousagreeableaustraliankestrel","This fishnet babe was asking me to go harder so I obliged",
"1nvx396","","","Facials","https://www.redgifs.com/watch/lightfoolhardyseaurchin","It never gets old",
"1pts7k7","","","hentai","https://i.redd.it/a1mbzmmg1y8g1.jpeg","Yuki bonding with her bro (Bartolomeobari) [Roshidere]",
"1noaw8o","","","PhGWCouples","https://www.redgifs.com/watch/jovialdarkvioletindianabat","sights and sounds",
"gzsz6iu","<div class="md"><p>Not all heroes wear capes: <a href="https://imgur.com/a/ZfQSxYT">https://imgur.com/a/ZfQSxYT</a></p>
</div>","","Animemes","https://i.redd.it/v3wrijimex171.pngt1_gzsz6iut5_2w6fet3_nn7o59","My god, I'm so lonely...",
"1rmfxrs","","","pinoycouplesgonewild","https://www.redgifs.com/watch/helplesshoneydewhare","Are there any good kissers here?",
"1vrsur4","","","AmateursDoingIt","https://www.redgifs.com/watch/bestthistlespringpeeper","insanely beautiful",
"1t745pw","","","PhGWCouples","https://www.redgifs.com/watch/cutecircularverdin","Pilates Instructor got a lesson herself",
"1v6qcg0","","","Swingersgw","https://www.redgifs.com/watch/jumpyglassgavial/?92/","Typical swingers holiday activities",
"1sc7umy","","","SgGoneWild","https://i.redd.it/sdkwukg226tg1.jpeg","Is the view pretty?",
"1ocwhad","","","PhGWCouples","https://www.redgifs.com/watch/functionalobeseblacknorwegianelkhound","Rate the ride.",
"1vdhagd","","","NSFW_China","https://www.redgifs.com/watch/oldbisquefirefly","1 man bangs 4 cuties Yang818",
"1tf4iah","","","PhGWCouples","https://www.redgifs.com/watch/hoarserigidblueshark","Rawwrrrrrr",
"1p5deqj","","","SgGoneWild","https://i.redd.it/qgvw63ydk63g1.jpeg","What are your eyes focussing on first? 🤭🤭",
"1s8i6ir","","","wifesharing","https://v3.redgifs.com/watch/826743399468674176","Hubby went state side and got to share his wife",
"1ug4v1h","","","HOTWIFEYph","https://www.redgifs.com/watch/fuzzyglumqueenconch","Threesome w/ the fashion model and her friend (2)",
"1tq1gyt","","","happycuckold","https://v3.redgifs.com/watch/847806318036191685","My boyfriend almost dropped the camera while I bounced on this BBC!",
"1padrff","","","tipofmypenis","https://www.redgifs.com/watch/frizzybitesizedbull","Anyone know the original?",
"1r4da29","","","ChangingRooms","https://www.redgifs.com/watch/privateghostwhitegoitered","It was unexpected",
"1szkfst","","","Pune_fwb_","https://www.redgifs.com/watch/wealthydistantflies","redlite area spa girl fucking lots off Enjoying service life girlfriend",
"1snxawe","","","u_throwawayashlee8769","https://www.redgifs.com/watch/demandingtremendouschihuahua","I created a guide for couples and partners wanting to explore the lifestyle",
"1p6ltme","","","netorare","https://www.reddit.com/gallery/1p6ltme","Great story with a brutal ending",
"1ujlr3y","","","Cuckold","https://www.redgifs.com/watch/859746286778023554","your petite girlfriend getting slowly and deeply fucked in front of you without protection.",
"1f1q37s","","","WatchItForThePlot","https://www.redgifs.com/watch/inborndarkkhakiskimmer","Emma Stone and Margaret Qualley in Kinds of Kindness (2024) [HD] [Audio] [Enhanced]",
"1rdtqeq","","","blacktowhite","https://www.redgifs.com/watch/koshershockedsnipe","Homemade Cuckold girlfriend BBC",
"hk731t","","","HentaiSource","https://i.redd.it/f08n2h8vti851.jpg","Brothers, I require you assistance yet again",
"1npa907","","","AsianCuties","https://www.reddit.com/gallery/1npa907","bikini hottie",
"1pgkfnh","","","u_ChloeNextDoor00","https://www.redgifs.com/watch/remotehuskyafghanhound","He loves using me",
"1hfgklq","","","WatchItForThePlot","https://i.redd.it/sws3kbx8y67e1.gif","Monique Gabrielle's perfect plot in 'Evil Toons'",
"1q59njr","","","AsianCuties","https://www.reddit.com/gallery/1q59njr","Sunset lover",
"1v81egh","","","PhGWCouples","https://www.redgifs.com/ifr/puzzlingsolidvulpesvelox","I railed Ramona Flowers on a motel",
"1op0ug2","","","clitorgasm","https://www.redgifs.com/watch/annualincredibleparrot","Doggystyle O @ 0:13",
"1qh0fil","","","Cuckold","https://redgifs.com/watch/demandingtremendouschihuahua","How sex changed for me over the last year.",
"1tv1apo","","","ignore_my_pussy","https://www.redgifs.com/watch/oldlacesupportiveindianringneckparakeet","Only anal, only rough",
"1ojzn0k","","","passionx","https://www.redgifs.com/watch/771726307042035900","Hot and sensual shower time",
"sa0qy1","","","rule34","https://redgifs.com/watch/generouspinkargentinehornedfrog","Shinobu [Demon Slayer] (Naomi Soraya)",
"1mzrqqy","","","iwanttobeher","https://www.redgifs.com/watch/shockedgiddyfrigatebird",""I'm so sorry... i'm really turned on right now..."",
"1p2vdex","","","riding_queens","https://www.redgifs.com/watch/generalspecificafricanparadiseflycatcher","He wouldn't let me take my underwear off",
"18ikrs8","","","u_FlashingEmma","https://www.redgifs.com/watch/incompletegraciouslynx","I filmed my first B/G at a swingers resort in Las Vegas! 🙈",
"1mv1koy","","","Facials","https://www.redgifs.com/watch/variableprivatecuscus","2 is always better than one",
"1pwhm8o","","","IndonesianGirlsOnly","https://www.reddit.com/gallery/1pwhm8o","Edan",
"1uhukh4","","","AsianNSFW","https://www.redgifs.com/watch/apprehensiveexperiencedbudgie","Getting railed like this in the morning",
"1h1nd2c","","","nsfw_curated","https://www.redgifs.com/watch/harmlessutterguanaco","2 sorority girls having fun with the frat boy at dorm room 🫡",
"1rh5f3m","","","pinoycouplesgonewild","https://www.redgifs.com/watch/barrengentleelephantbeetle","on my knees",
"1qhy3ah","","","Facials","https://www.redgifs.com/ifr/tediousearnestmeerkat///?/","Innocent cutie looks so proud with all the cum on her face",
"1v78lgn","","","IndonesianGirlsOnly","https://www.reddit.com/gallery/1v78lgn","Laurensia",
"1qqhwge","","","SmallCutie","https://i.redd.it/p622np4s7cgg1.jpeg","Asian girl will always small outside but strong downside",
"1tfbyvd","","","Cuckold","https://www.redgifs.com/watch/overcookedpastelindianpalmsquirrel","First time getting a BBC and first time cucking hubby",
"1od7cnq","","","happycuckold","https://www.redgifs.com/watch/decisiveenviousibadanmalimbe","I’m surprised more wives dont cuck their husbands",
"1uxeuh1","","","HotwifeSwingers","https://redgifs.com/watch/focusedharmfulnortherncardinals","My husband came home from work and found me getting fucked by a complete stranger",
"x5twyr","","","Cuckold","https://redgifs.com/watch/vividtremendousamberpenshell","When you realize you might have fucked up, and she’s never going to enjoy you again!",
"1jo3eqz","","","FlashingAndFlaunting","https://v3.redgifs.com/watch/elderlyprobablefantail","My friends dared me to have a nip slip while the server delivered my meal",
"1sb2le1","","","pinoycouplesgonewild","https://www.redgifs.com/watch/vagueworthwhiletick","Quickie with a friend",
"1vlaek8","","","pinoycouplesgonewild","https://www.reddit.com/gallery/1vlaek8","Let's tell a story [FFM]",
"1jqfdgo","","","long_porn","https://www.redgifs.com/watch/darkcyanunsungjunco","Fucked her after the party ends",
"1vstu23","","","hentai","https://i.redd.it/hfpki85fedkh1.gif","Deep anal creampie (Nekololisama) [Frieren]",
"1srsd3v","","","NSFW_China","https://i.redd.it/cgwkrpaxikwg1.jpeg","Where to find more or her?",
"1vy1j0x","","","AmateursDoingIt","https://www.redgifs.com/watch/ajarmajorpaca","Not against this new TikTok thing 😏",
"1pxrh8f","","","HotwivesCuckold","https://www.redgifs.com/watch/flusteredanchoreddogwoodtwigborer","Met him at the gym- this was us… a little over an hour later",
"1pkkqur","","","AsiansGoneWild","https://redgifs.com/watch/naturalfreecougar","Two Asian Couples Swap, Come Back and Raw Breed Their Wives 💦",
"1nmbc7j","","","Cuckold","https://www.redgifs.com/watch/boilingourbettong","Tough time "reclaiming" his girlfriend",
"1c26sap","","","RubbingHerPussy","https://v3.redgifs.com/watch/unconsciousbrokenram","I love my best friend",
"e6mdmd","","","HentaiPetgirls","https://i.redd.it/qup6uzxqbv241.jpg","At your service sir! 😛",
"1oklqrh","","","AsianCuties","https://www.reddit.com/gallery/1oklqrh","A pair of gorgeous best friends",
"1l51qsj","","","gstrings","https://i.redd.it/oi4rdtq73d5f1.jpeg","Orange piece of string",
"1tppu98","","","NSFW_China","https://www.redgifs.com/watch/darkslateblueunequaledbooby","Yourasianminx dildo ride with music",
"1v924gp","","","AmateursDoingIt","https://www.redgifs.com/watch/violetyellowishadeliepenguin","Cutest rider",
"1o9xwei","","","PhGWCouples","https://www.redgifs.com/watch/evergreenweeklyhedgehog","Bastusan habang sabog",
"1k8airw","","","cuckhumiliation","https://v3.redgifs.com/watch/unhappysoupywildebeast","The modern day white marriage. Hubby jerks off while he watches another man fill me up raw",
"1pyljq4","","","happycuckold","https://www.redgifs.com/watch/adoreddemandingrottweiler","Imagine getting sent a video of your wife being used and moaning like this!",
"18v80kt","","","OldSchoolCoolNSFW","https://www.reddit.com/gallery/18v80kt","Photos of a nude Japanese girl band "En-Doll", taken in 1994 (Haruna Mita, Kazumi Nakano, Kumi Shiraishi, Mimi Horikawa and You Kizaki)",
"1sa4zlq","","","phgonewild","https://www.redgifs.com/watch/peacefulcreativeturtledove","I'll make your morning better this good th (f)",
"1t9b4us","","","TrashyBonersEWW","https://www.redgifs.com/watch/jubilantmisguidedquail","Mother's Day event in Colombia",
"j7xpwq","","","IWantToSuckCock","https://redgifs.com/watch/softflickeringatlanticsharpnosepuffer","Okay boss",
"1jwt82y","","","PhGWCouples","https://www.redgifs.com/watch/ancientfaintsunbittern","a clip from our recent wild juicy fk",
"1uv2pqy","","","PhGWCouples","https://www.redgifs.com/watch/loudtestycurlew","Fucking my Friend's gf while he's filming",
"1r43366","","","PhGWCouples","https://www.redgifs.com/watch/polishedredkronosaurus","Valentines fuck kay cheating FUBU. 🤤🤙🏽",
"17xyojw","","","NSFW_Japan","https://www.reddit.com/gallery/17xyojw","Saika Kawakita",
"1qjk8za","","","gettingherselfoff","https://www.redgifs.com/ifr/personaljollyafricangoldencat//?/","goin boom on the sybian",
"1p10mbn","","","SgGoneWild","https://www.redgifs.com/watch/naughtybruisedgalago","my fantasy is to get taken in the showers",
"1ovxjuq","","","porn_gifs","https://www.redgifs.com/watch/flippantchartreuseamericancicada","bro got lucky dorm after party",
"1tnbldx","","","PhGWCouples","https://www.redgifs.com/watch/composedcarefuldodobird","After work sex",
"nij1vp","","","CelebrityButts","https://i.redd.it/m7tqoyaolm071.jpg","Lily James (wow)",
"1r4s1a6","","","nsfwhardcore","https://v3.redgifs.com/watch/craftybigheartedgenet","Naughty office hours",
"1pv4vp6","","","AsianCuties","https://www.reddit.com/gallery/1pv4vp6","She's a florist and a single mother of three (She's in her 40s)",
"zas7rn","","","NudeBeach_freaks","https://redgifs.com/watch/complexdirectitalianbrownbear","We only go to nude beaches now. And we're always horny",
"1vtscrj","","","Cuckold","https://www.redgifs.com/ifr/majormediumbluemare","One of the best moments of our marriage. My wife being pinned down, legs up, being fucked in front of me.",
"1tzmmqq","","","IndonesianGirlsOnly","https://www.redgifs.com/watch/fancycrispannelida","Kirei",
"1ojykfv","","","nsfwhardcore","https://www.redgifs.com/watch/impureclutteredgoldenmantledgroundsquirrel","Fit Hotwife Gets Fucked by My Big Cock",
"1qfcq7n","","","60fpsporn","https://www.redgifs.com/watch/ringedextraneousgnu","Use me as stress relief",
"1vmaqxo","","","tipofmypenis","https://www.redgifs.com/watch/antiquedimpledgoshawk","This is hypnotising jiggle. Who is she?",
"1pe13z7","","","hentai","https://www.redgifs.com/watch/fewlumpyviperfish","Reze showing her boobs (Maplestar) [Chainsaw Man]",
"1rawsj4","","","AsianCuties","https://www.reddit.com/gallery/1rawsj4","A really cute Chinese influencer",
"1trpbqm","","","AsiansGoneWild","https://www.reddit.com/gallery/1trpbqm","Couple of my no makeup looks",
"1pwwgki","","","PhGWCouples","https://i.redd.it/ket1hfllnq9g1.gif","From mall date to my bed",
"1p6bp9t","","","porn_gifs","https://www.redgifs.com/watch/separateglumbluetonguelizard","He’s completely at her mercy!",
"1r1kqbk","","","NSFW_China","https://www.redgifs.com/watch/disguisedpowerfulfennecfox","lucky delivery guy",
"1urqvrb","","","malaysiaporn","https://www.reddit.com/gallery/1urqvrb","Verification",
"1obwly1","","","u_ChloeNextDoor00","https://www.redgifs.com/watch/clutteredindigoblackbear","Just a uni girl trying to get by… 🥲",
"1lzvf81","","","TrashyBonersEWW","https://www.redgifs.com/watch/testythinfinnishspitz","Sucking a black dick wrapped in a confederate flag",
"1v2yaj4","","","pinoycouplesgonewild","https://www.redgifs.com/watch/enchantedfirsthandatlanticspadefish","Umagahan ni bf😜",
"1h1z9z3","","","JapanesePorn2","https://www.redgifs.com/watch/alarmedvariableblacklemur","Cumming all over her ass",
"1vji8oc","","","PhGWCouples","https://www.redgifs.com/watch/gloomyleadingbufeo","Reverse cowg",
"1r8jgtj","","","Cuckold","https://www.redgifs.com/watch/uselesswhisperedindianpalmsquirrel","My husband told me to find a guy while I was out of town and send him a video",
"1ujblxz","","","blacktowhite","https://www.redgifs.com/watch/menacingvainicelandichorse/?7/","Addicted to bbc",
"1ly0e7v","","","TrashyBonersEWW","https://v3.redgifs.com/watch/creamytrickynoctule","Feeling better",
"1jwfbjy","","","BackshotsFromBBC","https://www.redgifs.com/watch/grizzledotherbarebirdbat","I gave him the keys to my house so he can use my pussy at any time of the day or night.",
"mkrvkq","","","2for1","https://redgifs.com/watch/verifiablequarrelsomeamericanratsnake","She orgasms on his dick right after he came inside her (0:15)",
"1v6y890","","","Cuckold","https://www.redgifs.com/watch/astonishingexoticgiantschnauzer","such relationships",
"1l9ai9v","","","tipofmypenis","https://www.redgifs.com/watch/lowdisastrouskentrosaurus","Source or name? I've seen this several times, but never found the source.",
"1p3d56u","","","stupidslutsclub","https://www.reddit.com/r/stupidslutsclub/comments/1p3d56u/being_freeuse_during_covid_and_experimented_on_by/","Being freeuse during COVID and experimented on by my housemates",
"1rpa809","","","naughtynusantara","https://www.reddit.com/gallery/1rpa809","Sorry for whoever fasting today",
"1vrfrof","","","AmateursDoingIt","https://www.redgifs.com/watch/inexperiencedabsolutekob","Standing Doggy in public",
"1ljfga4","","","u_Accomplished-Rub7667","https://www.redgifs.com/watch/tanleafyzebratailedlizard","girlfriend training looking good",
"1si2wjm","","","tipofmypenis","https://www.redgifs.com/watch/saltymarvelousgypsymoth","Isn't she the actress from euphoria ?",
"1vw3rzu","","","PhGWCouples","https://www.redgifs.com/watch/carelessheavenlystinkbug","let me squeeze you in >:)",
"1og05tt","","","anal","https://www.redgifs.com/watch/twintragicmuntjac","Came home on my lunch break to get ass fucked",
"1p1ftxu","","","AsianCuties","https://www.reddit.com/gallery/1p1ftxu","Taiwanese-American hottie",
"1hh2ytr","","","MsiaPussies","https://i.redd.it/09t3a6ngcm7e1.jpeg","(2x/my Li)So glad that I still fit in my uniform. Do you like seeing a schoolgirl playing with a toy? Tell me how much you like it!!",
"1r9mzgy","","","PhGWCouples","https://www.redgifs.com/watch/spotlessspecificjellyfish","Ass Petite Pussy Porn GIF",
"1tllidj","","","Mumbai_GW","https://www.redgifs.com/watch/physicalknowledgeablezebralongwingbutterfly","Bro, I finally banged my HR last night... and holy shit, I still can't recover 🥵 She’s been all professional during the day, but once the clothes came off? Absolute menace. The way she moved, the sounds she made, the way she took control... I’m genuinely speechless. Best sex I’ve had in years (f)",
"1o35gsf","","","phgonewild","https://www.redgifs.com/watch/costlyhardeyas","He likes me down on all (f)ours",
"1nkcg9h","","","PhGWCouples","https://www.redgifs.com/watch/fearlessfrugalamethystsunbird","I Miss fucking",
"1qo8m7a","","","Swingersgw","https://v3.redgifs.com/ifr/awarepeachpuffacornbarnacle","Throwback to my first swingers party",
"tq9r12","","","Cuckold","https://redgifs.com/watch/peachpuffoutrageousiggypops","I’m not sure I even got to put my legs down before the other was on top of me. u/hunginla88 u/tomwanks2468",
"1usly51","","","pinoycouplesgonewild","https://www.redgifs.com/watch/incrediblepeskyquahog","Nagrequest ulit gf ni bro",
"1ps2x08","","","nsfw_gifs","https://www.redgifs.com/watch/ancientmeagerurutu","College girl I picked up in Thailand was fun",
"1se1a2l","","","AsiansGoneWild","https://www.redgifs.com/watch/windyincompatiblebooby","I was showering with our girlfriend and my wife walked in and saw us fucking against the glass, then she hopped in for a closer look only for us to tag-team her pussy and make her orgasm so HARD!! You can even see her entering a trance like state before she cums! Love it ;)",
"1806tdt","","","HardcoreNSFW","https://www.redgifs.com/watch/mildlightgreenfunnelweaverspider","Doggy makes me lose control",
"1qjjlaf","","","PhGWCouples","https://www.redgifs.com/watch/incompatiblerotatingneonbluehermitcrab","Just another Filipina taking BWC",
"u4wswn","","","pronebone","https://www.redgifs.com/watch/rosybrownadeptmoose","When the prone booty jiggles just right 😌 (OC)",
"1vwtza6","","","AsianHotties","https://www.redgifs.com/watch/tiredmediumturquoiseblackrussianterrier","Always talk to the quiet Asian girl at the pool party",
"1mzkqva","","","phgonewild","https://www.redgifs.com/watch/lemonchiffonsadassassinbug","[M][F]ucked and owned a goddess",
"rhnj4k","","","AnalGW","https://redgifs.com/watch/inconsequentialmediumorchidbullfrog","Anal while humping my foot",
"1qy5i8a","","","AsiansGoneWild","https://redgifs.com/watch/rightsophisticatedwrasse","In Case You've Never Seen Girls Fuck Each Other – Asian Strap-On Action😋",
"1n2aiqo","","","collegesluts","https://www.redgifs.com/ifr/powerfulstupidgharial","Riding it after class",
"1vx36k6","","","PhGWCouples","https://www.redgifs.com/watch/unwittingtrivialirishsetter","Lingerie + doggy = kagigil!",
"1vkg2ux","","","HotwifeSwingers","https://www.redgifs.com/watch/adorablesunnybass","A good hotwife always assumes the position without needing to be asked 😮‍💨",
"1o5db73","","","PhGWCouples","https://www.redgifs.com/watch/greendefiantcorydorascatfish","quiet quickie 🤫",
"1rlf8ka","","","AsianBlowjobs","https://www.redgifs.com/ifr/proudillfatedbactrian/?2/","Guy has a casual conversation about his girlfriend with an Asian girl he just met as she's giving him a blowjob in a portapotty at a music festival.",
"1tzbn8l","","","HotwivesCuckold","https://www.redgifs.com/watch/desertedentirewatermoccasin","I told hubby and his friends I didn’t need a break!",
"1osbe2g","","","collegesluts","https://www.redgifs.com/watch/acclaimedmassivecaudata","Undressing in my dorm after class for you",
"1polwve","","","PhGWCouples","https://i.redd.it/l4dtkyr1mo7g1.jpeg","flingster and chill? [C22]",
"xdpenf","","","Roughsex","https://redgifs.com/watch/worseartistichare",""spit on me"",
"ik4r90","","","Hotwife","https://redgifs.com/watch/farawaymealyflyingfox","One cock in my hand while I'm pounded by u/HunginLA88 from behind! Sorry for the multiple clips today, just get so wet while watching these!",
"1q0xpab","","","IndonesianGirlsOnly","https://www.reddit.com/gallery/1q0xpab","Stella",
"1qme0z4","","","hentai","https://i.redd.it/emkqzuhclgfg1.gif","Marin’s wet dream (Kokoborohen) [MyDressUpDarling]",
"1o2pk4w","","","SgGoneWild","https://i.redd.it/wp4z737b87uf1.jpeg","The night is quiet, and the little wild cat is starting to get naughty 💋",
"1tijczs","","","Cuckold","https://www.redgifs.com/watch/tallworstfrogmouth","People don’t understand just how common cuckolding is becoming in relationships, most couples just keep it to themselves.",
"1qtu914","","","rearpussy","https://www.redgifs.com/watch/dishonestmassivegadwall","Thigh gap is there for a reason",
"yz45sj","","","collegesluts","https://redgifs.com/watch/orangemadeuppelican","masturbating in my college room",
"1pcv9bj","","","Cuckold","https://www.redgifs.com/watch/warmcruelnewt","Husband starts shooting insane ropes of cum on the air while watching my bull fuck me 🤤",
"1ocwa0g","","","PhGWCouples","https://redgifs.com/watch/wrongentireblackfish","si tropa muna bago si bf 🫦",
"1sw5jkx","","","Facials","https://www.redgifs.com/watch/slatebluetidyairedale","The way she smile",
"1rob1ro","","","malaysiaporn","https://www.reddit.com/gallery/1rob1ro","My Queen 👸 visited KL pt2",
"1qr069g","","","PhGWCouples","https://www.redgifs.com/watch/yellowsuburbansunfish","One of the best I've ever had. Any challenger?",
"1tzys0g","","","AsianCumsluts","https://www.redgifs.com/watch/crispprimeturaco","A lovely asian ass clapping",
"1vue25c","","","pinoycouplesgonewild","https://www.redgifs.com/watch/smoothhonorablemullet","petite shs gf, sound on! contents available!",
"1nmscbh","","","javdreams","https://www.reddit.com/r/CuteVsSlut/comments/1lp5cpw/from_pop_idol_to_pornstar_yua_mikami/?share_id=1Epc808qSdMXnlQkDsMm7&amp;utm_content=1&amp;utm_medium=android_app&amp;utm_name=androidcss&amp;utm_source=share&amp;utm_term=1","Yua Mikami is popular as pop idol only not as jav idol. Even she is not fucked by our great father-in-law. So she is not popular it's just marketing hype.",
"1qhzk9c","","","happycuckold","https://v3.redgifs.com/watch/unhappysoupywildebeast","There's a reason hotels put the chairs in the rooms. Its for you to sit back as your wife gets fucked",
"1lnxads","","","blacktowhite","https://www.redgifs.com/watch/mediumforestgreenpowerlesslionfish","BBC",
"1qkogw8","","","Hotwife","https://www.redgifs.com/watch/frighteneddarkbumblebee","This was from my first night of playing as a hotwife. Can you see why hubby's addicted now ;)",
"1ru8o7q","","","PhGWCouples","https://www.redgifs.com/watch/plainbitesizedzebu","Can't resist when she's got a body like this",
"1odslxb","","","PhGWCouples","https://www.redgifs.com/watch/selfreliantexoticthrip","Rate this ass",
"1svh6yy","","","AsiansGoneWild","https://www.reddit.com/gallery/1svh6yy","Me at age 21 vs 30 (now a mom bod). Hope you like both versions 🥰",
"1ppn804","","","AsiansGoneWild","https://redgifs.com/watch/honeydewnutritiousarmyworm","Three Asian Couples Having Raw Sex Right on the Sandy Beach🥵",
"1ddevwe","","","iwanttobeher","https://redgifs.com/watch/softflickeringatlanticsharpnosepuffer","Whatever you say, boss",
"1qaxs3z","","","PhGWCouples","https://i.redd.it/052p5084sxcg1.gif","Iba talaga ang feeling ng unang pasok",
"1oes1w9","","","SgGoneWild","https://i.redd.it/qikreey9q0xf1.gif","Just met up with a fan fresh out of the army — he was so rough like he wanted to destroy me",
"1ro2x9y","","","AsianHotties","https://www.redgifs.com/watch/visibleunluckytick","Kanna Seto Covered in oil",
"1qr4y1t","","","IndonesianGirlsOnly","https://www.reddit.com/gallery/1qr4y1t","Laurensia",
"1psu36l","","","SgGoneWild","https://www.reddit.com/gallery/1psu36l","Local uni xmm cockslut",
"1l81bmv","","","BlowjobLovers","https://www.redgifs.com/watch/enchantingmadostrich","Lucky Guy🔥🥵",
"1rrto4x","","","ChangingRooms","https://redgifs.com/watch/adolescentautomaticlemur","POV: You secretly took out your phone while I changed",
"1vxivkv","","","AmateursDoingIt","https://www.redgifs.com/watch/graybisqueminnow","Redditors… how old were you when you lost your virginity",
"1vroy9t","","","GWCouples","https://www.reddit.com/gallery/1vroy9t","that's how we spent summer",
"vd0luh","","","LipsThatGrip","https://www.redgifs.com/watch/splendidazurestoat","tight fit",
"1ln729t","","","PhGWCouples","https://www.redgifs.com/watch/yellowdarkslateblueurus","eto na yung best part 🤤",
"1pvw6wa","","","PhGWCouples","https://i.redd.it/2nhtvs8keh9g1.jpeg","Nag aya si model nag request pa na may uni sana",
"1njqtc5","","","Swingersgw","https://www.redgifs.com/watch/fluffystunningdrake","Hubbys first time sharing with another man",
"1rrbpfj","","","PhGWCouples","https://i.redd.it/yz1fqm6ediog1.jpeg","[MF4M] Looking for young, respectful watchers",
"1oanbog","","","NSFW_Plowcam","https://www.redgifs.com/watch/beigelimpingopossum","Gorgeous Aussie Plowed",
"1p21zz8","","","porn_gifs","https://www.redgifs.com/watch/deadbeigemollusk","Asian girl riding",
"1shdjws","","","phgonewild","https://www.redgifs.com/watch/animatedgreenyellowpaca","Barely keeping mysel(f)quiet 🤫",
"1qfxu5j","","","Swingersgw","https://v3.redgifs.com/watch/expensiveshadymassasauga","Purple Thong in Chicago Sucking on Him",
"1sc6tck","","","Cuckold","https://www.redgifs.com/watch/rashbutteryamericanshorthair","My wife invited her boyfriend to temporarily live with us. She lets him cum inside her every night, while I get a handjob at the most.",
"1ocg8z4","","","PhGWCouples","https://www.redgifs.com/watch/evergreentiredapisdorsatalaboriosa","SRS to Full Swap pt2 🔥",
"1ta5bxy","","","HumiliatedVEmpowered","https://www.redgifs.com/watch/lightgoldenrodidenticalstud","Youtuber / Pornstar, Kanna Seto",
"1r4yqwo","","","Cuckold","https://www.redgifs.com/watch/radiantloudnewfoundlanddog","Bring my new friend i just met around and let him fuck me without condom in front of my bf.",
"1kmj0kq","","","PhGWCouples","https://www.redgifs.com/watch/strictstripedblowfish","tnginang arc yan",
"1oox5kn","","","PhGWCouples","https://www.redgifs.com/watch/crushingdearestbrant","lights on or off? 💡",
"1um47c4","","","PhGWCouples","https://www.redgifs.com/watch/preciousswiftseal","Hardfuck sa asawa ko",
"1nft3dt","","","cumsluts","https://www.redgifs.com/watch/cylindricalmonstrousstingray","my cumslut journey so far 😇 which clip is your favorite?",
"1s8bbuj","","","cuckquean","https://www.redgifs.com/watch/upbeathuskycopperbutterfly","My cuckquean wife masturbating while watching me bareback deep inside a chinese milf",
"1vvcc1w","","","AsianCumsluts","https://www.redgifs.com/watch/satisfiedgrumpyzopilote","I never forget the balls",
"1tdv2yw","","","PhGWCouples","https://www.redgifs.com/watch/lightsalmonsimplemountaincat","A fantasy turned reality. First bull experience ✨️",
"1v8wy8h","","","happycuckold","https://www.redgifs.com/watch/jaggednauticalbedbug","Hubby couldn’t believe how hot it was watching his friends stretch my pussy",
"1urthvi","","","PhGWCouples","https://www.redgifs.com/watch/shabbypoorlamprey","Bro tip: foreplay isn’t optional.",
"1mqtgul","","","German_Nation_Play","https://www.redgifs.com/watch/mealyinexperiencedstarfish","Turkmen migrant girls in Germany always go German Cock only",
"1og1xtx","","","phgonewild","https://www.redgifs.com/watch/bothconcernedavocet","Her favorite [m]andatory ass [f]uck",
"1ol96v1","","","doujinshi","https://www.reddit.com/gallery/1ol96v1","Rec: Girlfriend Sex ( Benimura karu )",
"1vwc5r0","","","AmateursDoingIt","https://www.redgifs.com/watch/gloomygullibleghostshrimp","Asian amateur",
"1vwevsw","","","AmateursDoingIt","https://www.redgifs.com/watch/finishedinfantileprayingmantis","Brunette with big boobs gets fcked by her bf",
"1tv9qzb","","","AsianCuties","https://www.reddit.com/gallery/1tv9qzb","perfect petite asian body",
"1rqfswn","","","Netorase","https://i.redd.it/fyip89dxgbog1.jpeg","My favorite type of NTS art (by Rucarachi)",
"1rjpaq3","","","SgGoneWild","https://www.reddit.com/gallery/1rjpaq3","what do you think of my new outfit? 🫣",
"1r629mn","","","AsianHotties","https://www.redgifs.com/watch/infamousaquamule","cutie asian babe loves her dildo machine",
"1s7zfrl","","","NudeBeach_freaks","https://www.redgifs.com/watch/immaculatelawngreendrever","Sex on the beach (pt. 2 🍑🍆)",
"1rklqa7","","","IndonesianGirlsOnly","https://www.reddit.com/gallery/1rklqa7","Sherine",
"1pyk7q7","","","IndonesianGirlsOnly","https://www.reddit.com/gallery/1pyk7q7","Jessica",
"1ruxixi","","","PhGWCouples","https://www.redgifs.com/watch/squarevaluableoregonsilverspotbutterfly","can’t get enough with an ass like this",
"1utkyub","","","Hotwife","https://www.redgifs.com/watch/peskystraightnorwaylobster","I want everyone to watch me being a slut, not only my husband",
"1svsz6r","","","u_HotwifeLife1991","https://www.redgifs.com/watch/darkcyanclosexenops","Hubby was sitting in the truck watching us through the window 🥵😈",
"1ong4b8","","","SwingerPhilippines","https://www.redgifs.com/watch/ambitioussinfulacornweevil","Hard Doggie F*cking for Wifey 🔥",
"1tc5q7n","","","AmateurHomePorn","https://www.redgifs.com/watch/grippingwidethrip","amateur couple films a realistic homemade sex tape",
"1lxurmu","","","u_YunaYonder","https://www.redgifs.com/watch/zealouswickedumbrellabird","my tits don’t take weekends off, neither should your mouth 😗🩷",
"1ohczdt","","","u_ChloeNextDoor00","https://www.redgifs.com/watch/radiantfrigidriograndeescuerzo","Was told that I’m a giver 👅 🍆  full vid now out on OF 🫶🏻",
"1ni5zdp","","","PhGWCouples","https://www.redgifs.com/watch/mixedimpressivegnatcatcher","Gf deserves to be eaten out too",
"1v9b23s","","","AmateursDoingIt","https://www.redgifs.com/watch/grubbycharmingeyas","tight gf fucked",
"1tmesbo","","","PhGWCouples","https://www.redgifs.com/watch/juicymildindusriverdolphin","Foreplay during our Europe Trip",
"1r4rcqe","","","AsiansGoneWild","https://www.reddit.com/gallery/1r4rcqe","caught my reflection being a slut in the mirror",
"jpvwmf","","","bangmybully","https://redgifs.com/watch/actualorneryamericangoldfinch","You're from a small town and when your childhood bully fucked your wife, everyone knew",
"1pmdnwv","","","NSFW_China","https://www.redgifs.com/watch/previousuniqueroach","The Plowing of Naimei0727",
"wgnkck","","","scissoring","https://redgifs.com/watch/impartialcrookedcaimanlizard","My bff and I are really good at scissoring 🤤",
"1putkw7","","","NSFW_Plowcam","https://www.redgifs.com/watch/selfassuredhomelyswallow","She loved eve6y second",
"1sqk4gw","","","LegalTeens","https://redgifs.com/watch/vengefulfemalehalibut","best way to survive cleaning day",
"1ox4gsb","","","IndonesianGirlsOnly","https://www.reddit.com/gallery/1ox4gsb","Anastasya Khosasih",
"1tscnm2","","","NSFW_China","https://www.redgifs.com/watch/healthyoilylynx","Yourasianminx Dildo ride with music Sandstorm",
"pkwv9d","","","Orgasms","https://redgifs.com/watch/standardknobbygaur","“What just happened to me?!” - The first time I gave her an orgasm from penetration alone!",
"1qoj13m","","","Cuckold","https://www.redgifs.com/watch/generalwickedkinglet","He pumped me from behind and enjoying my tight asian pussy while i kiss my bf is such and great experiemce.",
"1gslvw4","","","u_thefunmilf","https://v3.redgifs.com/watch/interestingtanxantusmurrelet","A redditor happened to be on the worksite that overlooked my hotel room. They recognised me and had the entire job site watching! Glad they enjoyed the show! ",
"1rlx8e4","","","asiangirls4whitecocks","https://www.redgifs.com/watch/soupycaringdrake","What are the chances of you pulling out?",
"1ofisdn","","","SgGoneWild","https://www.redgifs.com/watch/intentpapayawhipwhippoorwill","Riding my fwb’s joystick",
"1ripsa0","","","PhGWCouples","https://www.redgifs.com/watch/lightcoralpleasantanemone","Bj after work ni gf",
"1qtdc23","","","SgGoneWild","https://www.redgifs.com/watch/sickpessimisticmonoclonius","Scissoring with my bestie while our hubs watching",
"1old30x","","","Cuckold","https://www.redgifs.com/watch/humongouslightgreenrobin","I'm deployed in the Army oversees for 6 month. I asked my Buddy to keep my  Wife satisfied 'til Im back. He kept his word by sending their sex tapes.",
"1shgcm6","","","SgGoneWild","https://www.reddit.com/gallery/1shgcm6","Jennynano made me bi 🏳️‍🌈",
"1r3jdmj","","","gettingherselfoff","https://www.redgifs.com/ifr/worthypushyarctichare/?/","In shower",
"1r5d0sa","","","Cuckold","https://www.redgifs.com/watch/sunnyfinegiraffe","Wife takes virginity of young neighbour.",
"1qvlpgo","","","AsianHotties","https://www.redgifs.com/watch/substantialeasygoingnematode","she really likes when her tight asian pussy is stuffed",
"1vez5gl","","","PhGWCouples","https://www.redgifs.com/watch/bronzedeareststegosaurus","Morning fck Kay bf😝",
"1v1a8s1","","","pinoycouplesgonewild","https://www.reddit.com/gallery/1v1a8s1","Blessing your Monday with my fiance's boobs and smile 🤤",
"zu7x67","","","interracialwild","https://redgifs.com/watch/cornyabsoluteyellowbellylizard","Big booty white girl riding a BBC",
"h2p9qfz","<div class="md"><p>Not all heroes wear pants: <a href="https://imgur.com/a/zUm0226">https://imgur.com/a/zUm0226</a></p>
</div>","","hentaimemes","https://i.redd.it/hx5fgwpj4w671.jpgt1_h2p9qfzt5_9wzjbt3_o5yl6w","It Ain't Over Till It's Over",
"1ua0j6g","","","PhGWCouples","https://www.redgifs.com/watch/splendidusefulafricangroundhornbill","Threesome with the fashion model and her friend",
"1pw2q0l","","","AsianCuties","https://www.reddit.com/gallery/1pw2q0l","Southeast Asian Cutie",
"i6k0v2","","","Handjob","https://redgifs.com/watch/wastefulskinnygrouse","Enthusiastic",
"1s55flg","","","FrenchGoneWild","https://www.reddit.com/gallery/1s55flg","De ça à ça...",
"1hfhhbt","","","u_Mulberry212","https://www.redgifs.com/watch/sturdylightcoralkoala","Hey guys Mulberry here. Just wanted to share a lil peak at what’s going on in my world. Hit me up directly on OnlyFans or my NEW Fansly. Mention you came from Reddit & get a special treat VID🔥 😉 ",
"1pouzed","","","HotwifeSwingers","https://www.redgifs.com/watch/silentshrillbuzzard","My New Years resolution is to get in the gym more often & I have a trainer who's committed to having me show up",
"1rayoh5","","","CouplesAmateurPorn","https://www.redgifs.com/watch/bouncycarefreebackswimmer","He is really know how to make me squirt",
"1sbyooi","","","pinoycouplesgonewild","https://www.redgifs.com/watch/boilingknowingiraniangroundjay","Try daw namin mag Hotel 😁",
"1g35pqn","","","bbc_slave4whitegrl","https://v3.redgifs.com/watch/633486406168431742","What would you do if your girl sent you this pic of her",
"1mo0afd","","","PhGWCouples","https://www.redgifs.com/watch/aridpurenoctilio","Face down, ass up",
"12y2tx5","","","cheerleadersgw","https://www.redgifs.com/watch/brisklankydarklingbeetle","Ass GIF by naomi_soraya",
"1p2sftx","","","cuckoldcaptions","https://www.redgifs.com/watch/welldocumentedsandypseudodynerusquadrisectus","What type do you want?",
"ie82vm","","","Cuckold","https://redgifs.com/watch/sphericalablehackee","My first time being fucked in front of my boyfriend. I lost track of how many times we all came! Much more on the way ;)",
"1q63f3c","","","IndonesianGirlsOnly","https://www.reddit.com/gallery/1q63f3c","Dara",
"1qi16sp","","","hentai","https://www.redgifs.com/watch/artisticslowxoni","They're finally done texting (Gutwix) [Gutwix]",
"1ofoao4","","","SgGoneWild","https://i.redd.it/yemxoke4k8xf1.jpeg","i'm ready to have some fun",
"w74y7m","","","Naruto_Hentai","https://www.redgifs.com/watch/immenseevilimperatorangel","Sakura cosplay by Sia Siberia",
"1o7wc0v","","","PhGWCouples","https://i.redd.it/www7hjsfdevf1.jpeg","[MF4M] looking for young, respectful watchers",
"1vr2cce","","","nsfwcosplay","https://www.reddit.com/gallery/1vr2cce","Frieren [Frieren Beyond Journey’s End]",
"s5pd78","","","Lesbian_gifs","https://redgifs.com/watch/putridswiftshark","Nice teens lesbian",
"1uchr6n","","","pinoycouplesgonewild","https://www.redgifs.com/watch/firebrickbuzzinggentoopenguin","lfet my gf with her fav bull",
"1u0agjo","","","pinoycouplesgonewild","https://www.redgifs.com/watch/animatedsleepyarcherfish","Who's next?",
"1pmagzy","","","bikinis","https://i.redd.it/ej6azgpq657g1.gif","Sisters fooling around",
"1t8tv5a","","","Cuckold","https://www.redgifs.com/ifr/longnervousfawn/?6/","This bull invited me to his apartment, after two rounds of hard and intense sex I sent the location to my fiancé, we left the key under the mat",
"1ut4eoh","","","PhGWCouples","https://www.redgifs.com/watch/joyousaggressivekusimanse","bow chika wow wow 🤭",
"1va1aor","","","u_MaddiexMyles","https://v3.redgifs.com/watch/insignificantwaterloggedgazelle","Which one are you? 😝",
"1o51i5d","","","FaceFuck","http://redgifs.com/watch/punybisquebighornsheep","Amazing Reverse 69",
"1m86t2k","","","AsiansGoneWild","https://www.redgifs.com/watch/glamoroustotalbarracuda","My boyfriend says I turn into a cum-draining machine when I'm horny. Do I really seem like that?",
"1o91at9","","","SgGoneWild","https://www.redgifs.com/watch/flimsyculturedafricanrockpython","He has a girlfriend… what should I do 😭",
"1ok94ao","","","AsiansInPublic","https://www.redgifs.com/watch/brilliantfinesiberiantiger","asian nightclubs hit different",
"1qkozrb","","","HotwifeSwingers","https://www.redgifs.com/watch/frighteneddarkbumblebee","Ever since this first encounter, hubby has been addicted to watching me get fucked",
"1v1qggp","","","Cuckold","https://www.redgifs.com/watch/flusteredrawgourami","Letting my 23yo Bengali gf feel some bwc",
"1ukkf41","","","Hotwife","https://www.redgifs.com/watch/860135618925856034","Giving a fan’s 18-year-old girlfriend her first-ever sharing experience was such a surreal moment for all of us.",
"1inpd5z","","","porn_with_sounds","https://v.redd.it/mvip9ig69pie1","Girl fingers herself and her moans are very loud and sexy",
"1ozt4vh","","","doujinshi","https://www.reddit.com/gallery/1ozt4vh","Over-the-Shoulder Monologue",
"1q5i30v","","","HotwivesCuckold","https://www.redgifs.com/watch/darkmagentavitalamphiuma","I’d be considered the perfect wife- but no one knows I’m a gangbang slut",
"1p0n4kv","","","AsianHotties","https://www.reddit.com/gallery/1p0n4kv","Michelle From China",
"1e72dv3","","","cumwalk","https://www.redgifs.com/watch/evenbarrenpolyturator","Epic triple-facial cumwalk in London! - Artemis Carmona",
"1pf6xs2","","","LegalTeens","https://redgifs.com/watch/authenticevergreennagapies","Do you agree that small tits are the best",
"lgze37","","","deepthroat","https://redgifs.com/watch/frankastonishinggoldfinch","Hot",
"1qedhhf","","","AsianHotties","https://www.redgifs.com/watch/roundhummingiceblueredtopzebra","Emiri Momota testing out new furniture",
"1p6ihof","","","hentai","https://www.redgifs.com/watch/quaintmediocregallowaycow","Showering with a girl (Shiina ecchi) [oregairu]",
"1pv5ljk","","","IndonesianGirlsOnly","https://www.reddit.com/gallery/1pv5ljk","Cleo & Kiara",
"1q9mtu0","","","SwingerPhilippines","https://www.redgifs.com/watch/obedientawarekarakul","[M][F]Deep Anal x LF uni to join us for ffm/fmf",
"1pz6j1c","","","netorare","https://www.reddit.com/gallery/1pz6j1c","Orgy/Group NTR is peak 3",
"1qxihut","","","pinoycouplesgonewild","https://www.redgifs.com/watch/forcefulfinishedbluemorphobutterfly","DOGGY FRIDAY WITH GF",
"1oq1pu9","","","PhGWCouples","https://www.redgifs.com/watch/favorableviciousvulpesvelox","in her mouth 🍆",
"1n5113r","","","HumiliatedVEmpowered","https://www.redgifs.com/watch/sphericaleasyoropendula","From pop idol to porn queen, Yua Mikami",
"1osbcoq","","","short_porn","https://www.redgifs.com/watch/directnoisychicken","Damn those tits🤤",
"1p22580","","","nsfw_gifs","https://www.redgifs.com/watch/overduedelightfulgar","Looks perfect",
"1odrzwr","","","GenshinImpactHentai","https://i.redd.it/n9m5yw82yrwf1.jpeg","Xiangling hard at work in the morning (blvefo9)",
"1rdjhl9","","","pinoycouplesgonewild","https://www.redgifs.com/watch/sunnywoodengeese","Draining BGC boy dick with chinese pussy in an uptown motel",
"1ux1y51","","","pinoycouplesgonewild","https://www.redgifs.com/watch/uniqueflawlessasianelephant","first meet with a guy from bumble",
"1lvu1op","","","YVRGoneWild","https://www.redgifs.com/watch/swiftjoyfulant","[FM] Rainy days can still be fun when you have access to a little sex doll",
"1v7wjal","","","Cuckold","https://redgifs.com/watch/fluidsubmissivenorthernflyingsquirrel","Her husband captured a fantastic view of her glancing back at him as she slid her creamy and tight pussy, up and down on me.",
"1nowean","","","Whorient","https://www.redgifs.com/watch/chiefbluemerlin","singapore hottie",
"1ptvw4u","","","AsianCuties","https://www.reddit.com/gallery/1ptvw4u","She's a mother of two",
"1vjirz3","","","AmateursDoingIt","https://www.redgifs.com/watch/carefreetimelyfrog/?32/","Asian girl riding her friends bbc",
"1olxxml","","","VintageAmateurSex","https://www.reddit.com/gallery/1olxxml","Girl on Girl and a Guy was there too…",
"1nup52l","","","PhGWCouples","https://www.redgifs.com/watch/tremendousrectangularfishingcat","Accidents happen",
"1pes5ed","","","WatchItForThePlot","https://www.redgifs.com/watch/soulfulmerrypipistrelle","Lee Ga-heun - Bitch Heart Asshole (2015)",
"yqq74n","","","Roughsex","https://redgifs.com/watch/pitifulgoodjaeger","Using her like a toy 😫",
"1rrmuy3","","","AsiansGoneWild","https://redgifs.com/watch/knobbyunwrittenbrahmanbull","My BF Says My Tits Got Bigger… Am I Just Pregnant…?",
"1rhfcc1","","","ShortSoundPorn","https://www.redgifs.com/watch/selfassuredslategreycub","The perfect sexual organ. Look how much pleasure it gives her!",
"1pfjtd2","","","asiansgonemild","https://www.reddit.com/gallery/1pfjtd2","First time ever wearing bikini :3",
"1vwu3y2","","","AsiansGoneWild","https://www.redgifs.com/watch/lastingsurprisednatterjacktoad","Did I set the record for the highest deepthroat ever?",
"1sz2rgp","","","AsiansGoneWild","https://www.reddit.com/gallery/1sz2rgp","backshot results! would you have the same outcome??",
"1v8b0gj","","","pinoycouplesgonewild","https://www.redgifs.com/watch/sanesurefootednudibranch","breeding sesh in progress",
"t0f6j9","","","Cuckold","https://redgifs.com/watch/wholechocolatewhiterhino","BBC gives teen's boyfriend sloppy seconds",
"1ovtv5u","","","PhGWCouples","https://i.redd.it/o7dtsgimwy0g1.gif","My last play with couple uni here dm me",
"1uf2rh7","","","cuckhumiliation","https://v3.redgifs.com/watch/quizzicaleasyichthyostega","I just want you to watch as he stretches me & my friend okay. You may jerk off on this occasion",
"lzuuwn","","","FlatChestHentai","https://img3.gelbooru.com/images/7d/31/7d31aaae96d5c2eac5a4ac5ceee49c21.png","Far More Embarrassing Than She Thought",
"1n8xuoq","","","PhGWCouples","https://i.redd.it/cpqg9hy3janf1.jpeg","BF’s POV 🫣",
"1r7m8ww","","","Cuckold","https://www.redgifs.com/watch/impartialcoralconure","Sweat fuck with my bf's boss while he film it.",
"1r11jzu","","","PhGWCouples","https://www.redgifs.com/watch/attractivewindyamericanavocet","LF BULL FOR MY GIRLFRIEND",
"1pvcyex","","","GoneWildTube","https://www.redgifs.com/watch/indianredequatorialegg","Fucked this slut at a hotel on our second meet!",
"1vx3v3b","","","u_louisfrenchyy","https://redgifs.com/watch/tepidruddygermanshepherd","I matched with a Filipina and this is what happened 24 hours later",
"18wr4cl","","","RoughPorn","https://www.redgifs.com/watch/uncommonmountainousfoxterrier","To be fucked so hard your pussy can t hold back from squirting",
"1dral0m","","","u_thefunmilf","https://v3.redgifs.com/watch/orchidincompatibleindianabat","3…2…1…ASK ME ANYTHING… ",
"16xs2jz","","","HardcoreNSFW","http://v3.redgifs.com/watch/basicdryarthropods","lined up so you can try all our holes",
"1jzyfl2","","","Lesbian_gifs","https://www.redgifs.com/watch/nervouslightpinkkinglet","My “straight” friend and I after too many shots of tequila",
"1vdjj85","","","PhGWCouples","https://www.redgifs.com/watch/lawngreenorangeassassinbug","We’re back!! 😋",
"1r57d4t","","","PhGWCouples","https://www.redgifs.com/watch/measlyaquamarineelkhound","With my petite wild fubu, looking to explore",
"1r10m68","","","IndonesianGirlsOnly","https://www.reddit.com/gallery/1r10m68","Natasha",
"1nrxysj","","","javdreams","https://www.redgifs.com/watch/incompleteburdensomenorthernspottedowl","Popular Gravure idol to popular AV idol Kanna Seto - SONE 682",
"1sifpa5","","","PhGWCouples","https://i.redd.it/ze0tww2rijug1.gif","trying out cuckPOV with our new bull 🥵",
"wgnhr8","","","lesbians","https://redgifs.com/watch/impartialcrookedcaimanlizard","Now this is how to scissor 🤤",
"1rfwwuo","","","AsiansGoneWild","https://www.reddit.com/gallery/1rfwwuo","Get ready for the school",
"o1ltrf","","","CollegeAmateurs","https://i.redd.it/0mamxwiliq571.jpg","Not your average bio student 😏",
"1puivfm","","","phgonewild","https://www.redgifs.com/watch/tintedunfinishedvelvetworm","I’m back [f]or the holidays",
"1nzlwzb","","","PhGWCouples","https://www.redgifs.com/watch/fatherlypaleappaloosa","her kind of princess treatment",
"106gom5","","","orgasmcontrol","https://redgifs.com/watch/jaggedableyosemitetoad","Sensual afternoon",
"1t58qyx","","","cumsluts","https://www.redgifs.com/watch/starkcyanamericanpainthorse","Pretty girl loves facial",
"1hg4l55","","","WatchItForThePlot","https://www.redgifs.com/watch/wisebusytanager","Mikey Madison - Anora (2024)",
"1ubtqhr","","","AmateurCouplesRealSex","https://www.redgifs.com/watch/enormousdenseblackpanther","Hot",
"y0y82s","","","Cuckold","https://redgifs.com/watch/ethicallightheartedsidewinder","Cuck sent his horny Asian gf to us under one condition… Fuck her good and record it for him [OC]",
"1o92nj9","","","PhGWCouples","https://i.redd.it/7e8ngrhilovf1.gif","Nothing like fucking by the sea.",
"1t1pnre","","","gettingherselfoff","https://redgifs.com/watch/elatedauthorizedgrosbeak","trying to sleep but my libido won't let me",
"1qpcts4","","","NSFW_Japan","https://www.reddit.com/gallery/1qpcts4","Karen kaede",
"18lavau","","","Cuckold","https://v3.redgifs.com/watch/quickillegalcaiman","When I flew out to meet Madison and her husband for the first time I wasn't fully sure what to expect, but they are an amazing couple and she's somehow even sexier in person.",
"1uy1zcl","","","happycuckold","https://www.redgifs.com/watch/dearbeautifulegg","Making use she won’t be able to feel her husband after this",
"1n2h2xp","","","Whorient","https://www.redgifs.com/watch/outstandingghostwhitehawaiianmonkseal","makeout session",
"16w4l1u","","","phgonewild","https://www.redgifs.com/watch/jubilantwanechidna","Since many asked (f)or more clips 😜 Spitroast",
"1upzh5r","","","PhGWCouples","https://www.redgifs.com/watch/fabulousboringsilverfox","I love when he uses me whenever he wants 🤭",
"1mc1bzx","","","PhGWCouples","https://www.redgifs.com/watch/detailedminiaturekakapo","Girlfriend absolutely loves doggy",
"zsh6qz","","","scissoring","https://www.redgifs.com/watch/absoluteacrobaticzander","The best scene",
"m71lpfr","<div class="md"><p>Natsu Gasshuku Zen Netorare</p>
</div>","","netorare","https://www.reddit.com/gallery/1i02zjtt1_m71lpfrt5_2vemjt3_1i02zjt","His face killed me. This guy is so unlucky lmao ",
"zf264v","","","CuteLesbians","https://redgifs.com/watch/impartialcrookedcaimanlizard","Scissoring",
"15a9wcd","","","Orgasms","http://v3.redgifs.com/watch/dimgrayhollowseriema","I came so hard I need a nap 🙈",
"hzflpx","","","HairpullingLesbians","https://redgifs.com/watch/velvetypleasantasianwaterbuffalo","Two teens use a strapon",
"1pbrhh8","","","hentai","https://www.redgifs.com/watch/plushlimpmorayeel","Naruto’s daily routine as everyone’s favorite hokage (Kunoichikiss) [Naruto]",
"1qz1cy0","","","PhGWCouples","https://www.redgifs.com/watch/tattereduniquehorsefly","Re-uploading sexcapades 🔥",
"1qg9ccq","","","Cuckold","https://www.redgifs.com/watch/internalweepycaecilian","Second ever bull experience and he started fucking me like this and my husband almost lost it. He was dying seeing my boobies move like this",
"1qw9azf","","","HotwifeCuckolds","https://i.redd.it/1sco9lwlalhg1.gif","My cuck bought me a new dress, my bull used it as a sex harness. Would you stand for that level of disrespect?",
"1r4blt5","","","Mumbai_GW","https://www.redgifs.com/watch/nimblecompassionateaardwolf","Picked up and destroyed this is what happens when 4'10 girl meets 6'1 bull (m)",
"1pgf9lt","","","SgGoneWild","https://i.redd.it/2vq1tdcjer5g1.jpeg","Guess where am I?? "Hint" 25° and below",
"1q5xtna","","","VintageSmut","https://i.redd.it/q2430fls5tbg1.jpeg","June King playing poker in the 1950's",
"1qq9wp1","","","HotwifeSwingers","https://www.redgifs.com/watch/redlustrousmosasaur","Hubby loves when this friend of ours takes me doggy",
"1p95le3","","","freeuse","https://www.redgifs.com/watch/obviousfinedeer","Wonderful way to start your day",
"1vlzrw8","","","AmateursDoingIt","https://www.redgifs.com/watch/infantilesmoggyammonite","After good party follows good riding",
"ynpf5u","","","Roughsex","https://redgifs.com/watch/frighteningadolescentankolewatusi","Jessie Rogers teen fuckdoll",
"1vje3t4","","","gettingherselfoff","https://www.redgifs.com/watch/spitefulillfatedkoi/?92/","Holding on and not letting go",
"1c70x95","","","tiktoknsfw","https://v3.redgifs.com/watch/looseonerlookedbumblebee","These look better off.",
"1u94d6h","","","PhGWCouples","https://www.redgifs.com/watch/brownacceptablebagworm","Fashion Brand Model got hardfucked",
"1tdihxm","","","pinoycouplesgonewild","https://www.redgifs.com/watch/uselesscelebratedcorydorascatfish","Fuck shesh w/ my gf 🇳🇵",
"1o20sb0","","","PhGWCouples","https://www.redgifs.com/watch/speedytalkativegardensnake","any F interested to join? 😜",
"1povr91","","","Cuckold","https://www.redgifs.com/watch/789112475602554029","Husband watches his wife’s new friend breed her in front of him",
"1ph23km","","","StagVixenLife","https://i.redd.it/3w20paa4hw5g1.gif","In Texas, so redgifs is banned but enjoy this gif of me fucking this vixen deep while her husband records us on their bed.",
"smqysb","","","RubbingCockOnHerFace","https://redgifs.com/watch/slushysteelbluemustang","Absolutely smothered",
"1qz8bg5","","","MalaysianHotwifes","https://i.redd.it/cso4r3dxq9ig1.jpeg","Sprayed my cum on this chinese hotwife",
"1v67fdn","","","happycuckold","https://www.redgifs.com/watch/mediumturquoiseheftyuromastyxspinipes","Might have accidentally butt dialled hubby! Would you cum while listening?",
"1o9j3hx","","","AsianCuties","https://www.reddit.com/gallery/1o9j3hx","She's shy but doesn't hold back",
"1rhynwr","","","pinoycouplesgonewild","https://www.redgifs.com/watch/woodentepidekaltadeta","PH🇵🇭:1-CN🇨🇳:0",
"1gxqm7o","","","FunWithFriends","https://www.redgifs.com/ifr/jaggedsubmissiveraccoon","Classic ggw spring break",
"1tdv4a3","","","PhGWCouples","https://www.redgifs.com/watch/aquableakscorpion","This tourism student redditor is so sexy",
"1pw3qv5","","","HotwifeSwingers","https://www.redgifs.com/watch/carelesstreasuredtuna","Throwback to 2017. The first time I ever fucked another man while dating my husband (boyfriend at the time). He was out of town for work & I found a guy to fuck me & sent him the videos",
"1nbfkil","","","PhGWCouples","https://www.redgifs.com/watch/humblefrenchboutu","Psych student na petite from Baguio",
"1uklyxk","","","cumfetish","https://i.redd.it/utrcdlpzfmah1.jpeg","Made a mess, I’m going to need your help cleaning up",
"1ft01jj","","","HumiliatedVEmpowered","https://www.redgifs.com/watch/lightseagreenenviouspanda","From pop idol to pornstar, Yua Mikami",
"1r2feo0","","","PhGWCouples","https://www.redgifs.com/watch/coralanypinkriverdolphin","he does not want me to breathe",
"1rudjw5","","","AsianHotties","https://www.redgifs.com/watch/limegreengivingsnake","your fav Korean cowgirl is back... 😈",
"1vx0eos","","","Hotwife","https://www.reddit.com/gallery/1vx0eos","A collection of pictures from my first hotwife date + my camera roll",
"1sz4h2r","","","LesbianGirlsPorn","https://www.redgifs.com/watch/yellowpushydogwoodclubgall","Best friends forever",
"1rdflon","","","malaysiaporn","https://www.reddit.com/gallery/1rdflon","My Queen 👸 visited KL",
"1mfh29y","","","AsiansGoneWild","https://www.redgifs.com/watch/delayedarcticnorwaylobster","Vacation with couple friends, swapping and indulging in each other’s bfs🥵",
"1piwcfm","","","passionx","https://www.redgifs.com/watch/nearsmugamericankestrel","The way he kisses her while fucking",
"1tn4kcq","","","cumonclothes","https://www.reddit.com/gallery/1tn4kcq","Covered in cum 💖",
"pgrkmd","","","18_19","https://i.redd.it/jhsgz250w5l71.jpg","do lip bites turn you on?",
"1m01hta","","","tipofmypenis","https://www.redgifs.com/watch/glisteningmessyxenops","any more info on this roommate video?",
"139ajg1","","","AsiansGoneWild","https://i.redd.it/rhiinfubxjxa1.gif","Would you fuck a Korean girl? I’ll make you cum & then make you dinner",
"1pwdymk","","","PhGWCouples","https://www.redgifs.com/watch/spectacularinstructiveladybug","Cowgirl action with Wifey. Bringing this back 🥵",